OrderID,OrderDate,ProductID,CustomerID,BranchID,Quantity,Revenue,Profit,Channel
2024-Q4-00001,2024-11-12,RC-TOSH-18,C064,B13,1,1482000.0,250000.0,Offline
2024-Q4-00002,2024-10-16,VAC-ELUX-18,C024,B16,2,4934000.0,840000.0,Offline
2024-Q4-00003,2024-12-28,AC-1HP-CP,C022,B14,1,6441000.0,1118000.0,Offline
2024-Q4-00004,2024-12-29,RC-SHARP-20,C042,B09,1,1942000.0,245000.0,Offline
2024-Q4-00005,2024-11-19,KTL-ELUX-17,C031,B17,1,727000.0,129000.0,Online
2024-Q4-00006,2024-10-26,KTL-ELUX-17,C042,B10,3,2397000.0,354000.0,Offline
2024-Q4-00007,2024-12-17,WH-ARIST-30,C044,B16,2,7313000.0,1219000.0,Online
2024-Q4-00008,2024-10-25,AC-1HP-CS,C040,B04,2,18910000.0,3055000.0,Online
2024-Q4-00009,2024-12-27,AC-15HP-CP,C047,B04,1,7921000.0,999000.0,Online
2024-Q4-00010,2024-10-04,RC-SHARP-20,C073,B18,3,5354000.0,907000.0,Offline
2024-Q4-00011,2024-12-24,WH-ROSSI-20,C005,B02,2,3986000.0,573000.0,Offline
2024-Q4-00012,2024-10-25,WH-ROSSI-20,C053,B15,1,1978000.0,288000.0,Offline
2024-Q4-00013,2024-11-20,KTL-ELUX-17,C099,B16,1,756000.0,107000.0,Online
2024-Q4-00014,2024-12-18,WH-ARIST-30,C002,B17,2,6512000.0,1088000.0,Offline
2024-Q4-00015,2024-10-21,AC-1HP-CS,C095,B03,1,8130000.0,1197000.0,Offline
2024-Q4-00016,2024-12-27,VAC-PANA-16,C024,B15,1,2297000.0,308000.0,Offline
2024-Q4-00017,2024-10-04,VAC-ELUX-18,C039,B02,1,2045000.0,309000.0,Offline
2024-Q4-00018,2024-12-02,KTL-ELUX-17,C011,B06,1,849000.0,143000.0,Offline
2024-Q4-00019,2024-10-10,AC-1HP-CP,C002,B02,1,6131000.0,1093000.0,Offline
2024-Q4-00020,2024-11-09,VAC-ELUX-18,C040,B13,1,2230000.0,388000.0,Offline
2024-Q4-00021,2024-10-19,WH-ARIST-30,C035,B09,1,3218000.0,454000.0,Offline
2024-Q4-00022,2024-12-26,WH-ROSSI-20,C041,B17,1,1923000.0,324000.0,Offline
2024-Q4-00023,2024-10-03,KTL-PANA-20,C039,B09,3,2535000.0,421000.0,Offline
2024-Q4-00024,2024-10-10,AIR-PURI-40,C067,B12,2,8914000.0,1598000.0,Online
2024-Q4-00025,2024-10-10,WM-AQUA-9,C046,B19,1,9253000.0,1473000.0,Online
2024-Q4-00026,2024-11-07,WH-ROSSI-20,C066,B15,1,2176000.0,265000.0,Offline
2024-Q4-00027,2024-12-09,AIR-PURI-60,C019,B05,1,6975000.0,1249000.0,Offline
2024-Q4-00028,2024-11-04,WM-PANA-11,C033,B10,2,23192000.0,2999000.0,Offline
2024-Q4-00029,2024-12-08,WH-ROSSI-20,C007,B17,1,2064000.0,321000.0,Offline
2024-Q4-00030,2024-12-28,FAN-PANA-45,C046,B16,2,1994000.0,272000.0,Online
2024-Q4-00031,2024-11-29,MW-SHARP-23,C005,B16,1,2194000.0,301000.0,Offline
2024-Q4-00032,2024-12-01,RC-TOSH-18,C024,B11,1,1743000.0,258000.0,Offline
2024-Q4-00033,2024-11-04,KTL-PANA-20,C032,B10,1,1030000.0,173000.0,Online
2024-Q4-00034,2024-11-27,AIR-PURI-40,C033,B16,1,4388000.0,640000.0,Online
2024-Q4-00035,2024-11-21,WM-PANA-11,C090,B17,1,10483000.0,1688000.0,Offline
2024-Q4-00036,2024-11-13,VAC-PANA-16,C001,B09,2,4984000.0,826000.0,Offline
2024-Q4-00037,2024-10-04,AIR-PURI-60,C049,B18,1,6967000.0,1065000.0,Offline
2024-Q4-00038,2024-11-27,KTL-PANA-20,C092,B05,1,980000.0,126000.0,Offline
2024-Q4-00039,2024-11-16,KTL-PANA-20,C053,B01,1,837000.0,124000.0,Online
2024-Q4-00040,2024-11-05,AIR-PURI-60,C002,B13,1,7215000.0,923000.0,Offline
2024-Q4-00041,2024-10-02,VAC-PANA-16,C033,B04,1,2346000.0,283000.0,Online
2024-Q4-00042,2024-12-19,AIR-PURI-40,C045,B07,1,4262000.0,766000.0,Online
2024-Q4-00043,2024-11-08,RC-TOSH-18,C035,B05,1,1611000.0,204000.0,Online
2024-Q4-00044,2024-11-07,RC-TOSH-18,C072,B03,1,1521000.0,196000.0,Offline
2024-Q4-00045,2024-12-13,KTL-PANA-20,C055,B14,1,913000.0,127000.0,Offline
2024-Q4-00046,2024-12-01,FAN-ASIA-40,C016,B10,2,1200000.0,165000.0,Offline
2024-Q4-00047,2024-10-04,FAN-PANA-45,C020,B14,1,1123000.0,184000.0,Offline
2024-Q4-00048,2024-10-23,AC-15HP-CS,C009,B10,2,23830000.0,3570000.0,Offline
2024-Q4-00049,2024-10-11,AIR-PURI-60,C072,B01,1,7094000.0,1078000.0,Online
2024-Q4-00050,2024-10-01,FAN-PANA-45,C088,B16,2,2112000.0,255000.0,Offline
2024-Q4-00051,2024-11-10,MW-SHARP-23,C049,B16,1,2128000.0,296000.0,Online
2024-Q4-00052,2024-11-12,RC-TOSH-18,C002,B06,1,1613000.0,273000.0,Offline
2024-Q4-00053,2024-11-02,WH-ARIST-30,C040,B02,1,3525000.0,615000.0,Online
2024-Q4-00054,2024-11-12,WH-ROSSI-20,C095,B15,2,4198000.0,530000.0,Offline
2024-Q4-00055,2024-10-19,MW-SHARP-23,C075,B04,1,2315000.0,309000.0,Offline
2024-Q4-00056,2024-10-20,WM-AQUA-9,C040,B19,1,8599000.0,1079000.0,Offline
2024-Q4-00057,2024-12-13,WH-ROSSI-20,C078,B09,2,4255000.0,583000.0,Offline
2024-Q4-00058,2024-12-10,WH-ROSSI-20,C035,B18,1,2145000.0,266000.0,Offline
2024-Q4-00059,2024-11-24,VAC-PANA-16,C034,B09,2,5513000.0,809000.0,Offline
2024-Q4-00060,2024-12-04,MW-PANA-25,C099,B01,3,10071000.0,1517000.0,Offline
2024-Q4-00061,2024-12-08,MW-PANA-25,C083,B16,3,10464000.0,1525000.0,Offline
2024-Q4-00062,2024-11-04,MW-SHARP-23,C027,B20,1,2316000.0,314000.0,Offline
2024-Q4-00063,2024-12-21,WH-ARIST-30,C075,B17,2,7418000.0,1193000.0,Offline
2024-Q4-00064,2024-12-05,AC-15HP-CS,C019,B05,1,10155000.0,1592000.0,Offline
2024-Q4-00065,2024-10-31,RC-TOSH-18,C044,B04,1,1598000.0,233000.0,Offline
2024-Q4-00066,2024-10-24,MW-SHARP-23,C030,B03,1,2363000.0,398000.0,Online
2024-Q4-00067,2024-10-12,FAN-ASIA-40,C002,B18,2,1332000.0,230000.0,Online
2024-Q4-00068,2024-12-13,RC-SHARP-20,C076,B01,1,2067000.0,363000.0,Online
2024-Q4-00069,2024-11-03,RC-TOSH-18,C052,B05,2,3230000.0,446000.0,Offline
2024-Q4-00070,2024-11-02,KTL-PANA-20,C050,B17,2,1708000.0,274000.0,Offline
2024-Q4-00071,2024-12-14,WH-ROSSI-20,C062,B17,1,2218000.0,397000.0,Offline
2024-Q4-00072,2024-12-10,WH-ROSSI-20,C086,B05,2,3996000.0,629000.0,Online
2024-Q4-00073,2024-12-07,FAN-ASIA-40,C021,B09,2,1256000.0,195000.0,Offline
2024-Q4-00074,2024-11-13,WM-PANA-11,C055,B13,1,12046000.0,1570000.0,Online
2024-Q4-00075,2024-10-12,AC-15HP-CP,C022,B10,1,7482000.0,1226000.0,Online
2024-Q4-00076,2024-12-26,KTL-PANA-20,C050,B09,3,2861000.0,501000.0,Offline
2024-Q4-00077,2024-10-04,WH-ARIST-30,C099,B09,2,6306000.0,881000.0,Online
2024-Q4-00078,2024-11-24,FAN-ASIA-40,C006,B14,1,540000.0,82000.0,Online
2024-Q4-00079,2024-11-15,KTL-PANA-20,C066,B02,1,864000.0,139000.0,Offline
2024-Q4-00080,2024-11-21,MW-SHARP-23,C003,B15,3,6815000.0,1174000.0,Offline
2024-Q4-00081,2024-12-25,MW-PANA-25,C017,B10,2,6725000.0,1023000.0,Offline
2024-Q4-00082,2024-10-09,WH-ROSSI-20,C011,B09,2,4373000.0,585000.0,Offline
2024-Q4-00083,2024-10-22,MW-SHARP-23,C014,B16,1,2078000.0,352000.0,Online
2024-Q4-00084,2024-11-20,AC-15HP-CP,C007,B11,2,17323000.0,2209000.0,Offline
2024-Q4-00085,2024-11-06,VAC-ELUX-18,C084,B06,1,2114000.0,350000.0,Offline
2024-Q4-00086,2024-12-03,AC-1HP-CP,C036,B15,1,6259000.0,976000.0,Offline
2024-Q4-00087,2024-11-22,VAC-ELUX-18,C091,B09,1,2232000.0,390000.0,Offline
2024-Q4-00088,2024-12-29,AC-1HP-CP,C094,B03,1,6304000.0,882000.0,Offline
2024-Q4-00089,2024-11-06,AIR-PURI-40,C045,B02,1,4874000.0,839000.0,Online
2024-Q4-00090,2024-12-18,WM-AQUA-9,C059,B05,2,17271000.0,2260000.0,Online
2024-Q4-00091,2024-10-14,WH-ARIST-30,C043,B13,1,3556000.0,550000.0,Online
2024-Q4-00092,2024-10-07,WH-ROSSI-20,C067,B19,1,2143000.0,350000.0,Offline
2024-Q4-00093,2024-11-22,FAN-ASIA-40,C021,B18,2,1276000.0,212000.0,Offline
2024-Q4-00094,2024-10-26,WH-ARIST-30,C019,B11,1,3449000.0,581000.0,Online
2024-Q4-00095,2024-11-13,AIR-PURI-40,C048,B20,2,9184000.0,1396000.0,Offline
2024-Q4-00096,2024-10-31,RC-SHARP-20,C084,B13,3,5421000.0,871000.0,Offline
2024-Q4-00097,2024-11-27,KTL-PANA-20,C025,B20,1,978000.0,172000.0,Offline
2024-Q4-00098,2024-10-10,MW-SHARP-23,C056,B19,1,2398000.0,422000.0,Offline
2024-Q4-00099,2024-12-13,WM-PANA-11,C017,B08,2,21693000.0,3496000.0,Offline
2024-Q4-00100,2024-12-28,AC-15HP-CS,C080,B15,2,21738000.0,3428000.0,Offline
2024-Q4-00101,2024-11-20,AC-15HP-CP,C073,B15,2,16279000.0,2100000.0,Online
2024-Q4-00102,2024-11-03,WM-AQUA-9,C095,B20,2,17918000.0,2972000.0,Offline
2024-Q4-00103,2024-11-10,WH-ARIST-30,C046,B20,1,2929000.0,483000.0,Offline
2024-Q4-00104,2024-10-22,KTL-PANA-20,C074,B07,1,932000.0,124000.0,Offline
2024-Q4-00105,2024-10-15,KTL-PANA-20,C085,B02,1,925000.0,142000.0,Offline
2024-Q4-00106,2024-10-26,WH-ROSSI-20,C005,B16,1,2217000.0,332000.0,Offline
2024-Q4-00107,2024-12-18,AIR-PURI-60,C039,B06,2,14632000.0,2412000.0,Offline
2024-Q4-00108,2024-10-26,WM-AQUA-9,C032,B10,1,8253000.0,1237000.0,Offline
2024-Q4-00109,2024-11-18,AC-15HP-CP,C003,B07,2,17330000.0,2893000.0,Offline
2024-Q4-00110,2024-10-15,WH-ROSSI-20,C049,B05,2,4375000.0,582000.0,Offline
2024-Q4-00111,2024-10-14,RC-SHARP-20,C087,B14,1,1895000.0,314000.0,Offline
2024-Q4-00112,2024-10-13,AIR-PURI-40,C084,B14,2,8284000.0,1169000.0,Offline
2024-Q4-00113,2024-11-18,VAC-ELUX-18,C050,B05,1,2283000.0,312000.0,Online
2024-Q4-00114,2024-12-31,WH-ARIST-30,C048,B03,2,6266000.0,973000.0,Offline
2024-Q4-00115,2024-12-07,AC-1HP-CS,C070,B08,2,18608000.0,2660000.0,Offline
2024-Q4-00116,2024-11-03,AIR-PURI-40,C058,B13,1,4654000.0,781000.0,Online
2024-Q4-00117,2024-10-16,FAN-ASIA-40,C006,B14,1,566000.0,95000.0,Online
2024-Q4-00118,2024-10-24,KTL-ELUX-17,C058,B20,1,735000.0,127000.0,Online
2024-Q4-00119,2024-10-13,KTL-ELUX-17,C045,B10,1,719000.0,121000.0,Offline
2024-Q4-00120,2024-11-15,WM-PANA-11,C062,B11,2,20458000.0,3427000.0,Offline
2024-Q4-00121,2024-10-25,FAN-PANA-45,C073,B18,2,2271000.0,299000.0,Offline
2024-Q4-00122,2024-11-10,FAN-ASIA-40,C078,B08,2,1173000.0,148000.0,Offline
2024-Q4-00123,2024-12-06,MW-SHARP-23,C019,B16,1,2305000.0,385000.0,Offline
2024-Q4-00124,2024-11-12,RC-TOSH-18,C022,B16,1,1677000.0,253000.0,Offline
2024-Q4-00125,2024-10-27,AC-1HP-CP,C008,B16,1,5750000.0,1015000.0,Online
2024-Q4-00126,2024-11-07,MW-PANA-25,C038,B05,2,6573000.0,927000.0,Offline
2024-Q4-00127,2024-10-23,AIR-PURI-60,C055,B08,1,7174000.0,934000.0,Offline
2024-Q4-00128,2024-12-30,KTL-PANA-20,C010,B06,3,2697000.0,389000.0,Online
2024-Q4-00129,2024-11-20,WH-ROSSI-20,C011,B11,2,4032000.0,648000.0,Online
2024-Q4-00130,2024-10-02,WM-PANA-11,C058,B10,1,11749000.0,1779000.0,Offline
2024-Q4-00131,2024-11-27,MW-PANA-25,C049,B11,3,9083000.0,1255000.0,Online
2024-Q4-00132,2024-12-16,KTL-ELUX-17,C029,B16,1,667000.0,116000.0,Offline
2024-Q4-00133,2024-11-04,AIR-PURI-40,C008,B01,1,4179000.0,598000.0,Offline
2024-Q4-00134,2024-12-29,MW-PANA-25,C091,B19,1,3257000.0,576000.0,Online
2024-Q4-00135,2024-11-27,KTL-ELUX-17,C053,B19,1,769000.0,97000.0,Offline
2024-Q4-00136,2024-10-18,WH-ARIST-30,C080,B04,1,3499000.0,518000.0,Offline
2024-Q4-00137,2024-12-26,MW-SHARP-23,C080,B13,3,6666000.0,1071000.0,Offline
2024-Q4-00138,2024-11-30,WH-ARIST-30,C070,B04,2,7289000.0,1065000.0,Offline
2024-Q4-00139,2024-10-28,AC-15HP-CP,C035,B11,2,17760000.0,2970000.0,Offline
2024-Q4-00140,2024-11-06,WM-PANA-11,C085,B13,2,22094000.0,3476000.0,Offline
2024-Q4-00141,2024-12-27,AIR-PURI-60,C030,B14,1,7230000.0,1129000.0,Online
2024-Q4-00142,2024-10-21,FAN-PANA-45,C069,B06,2,2159000.0,373000.0,Offline
2024-Q4-00143,2024-10-08,AC-1HP-CS,C081,B01,1,8766000.0,1305000.0,Online
2024-Q4-00144,2024-12-03,FAN-PANA-45,C070,B07,2,2109000.0,294000.0,Offline
2024-Q4-00145,2024-10-18,AC-1HP-CS,C002,B01,2,18182000.0,2479000.0,Online
2024-Q4-00146,2024-11-16,FAN-PANA-45,C013,B01,3,3159000.0,394000.0,Online
2024-Q4-00147,2024-12-28,MW-PANA-25,C061,B03,1,3069000.0,461000.0,Offline
2024-Q4-00148,2024-11-19,FAN-PANA-45,C057,B04,1,1057000.0,154000.0,Online
2024-Q4-00149,2024-10-01,MW-PANA-25,C040,B14,1,3258000.0,413000.0,Online
2024-Q4-00150,2024-10-15,VAC-PANA-16,C032,B09,1,2390000.0,339000.0,Offline
2024-Q4-00151,2024-12-23,FAN-ASIA-40,C073,B11,2,1163000.0,176000.0,Offline
2024-Q4-00152,2024-12-11,WM-PANA-11,C044,B11,2,21257000.0,3509000.0,Online
2024-Q4-00153,2024-11-08,WH-ARIST-30,C089,B06,1,3525000.0,505000.0,Online
2024-Q4-00154,2024-12-22,MW-SHARP-23,C057,B10,3,7161000.0,894000.0,Online
2024-Q4-00155,2024-12-16,AC-15HP-CP,C025,B08,1,8217000.0,1267000.0,Online
2024-Q4-00156,2024-11-06,WH-ARIST-30,C034,B17,1,3232000.0,502000.0,Offline
2024-Q4-00157,2024-11-08,FAN-ASIA-40,C062,B08,2,1278000.0,212000.0,Online
2024-Q4-00158,2024-12-15,WH-ROSSI-20,C092,B20,1,1885000.0,231000.0,Offline
2024-Q4-00159,2024-10-13,FAN-PANA-45,C053,B09,1,1099000.0,137000.0,Offline
2024-Q4-00160,2024-11-26,WM-PANA-11,C091,B16,1,10650000.0,1861000.0,Offline
2024-Q4-00161,2024-12-16,WM-AQUA-9,C087,B17,1,8951000.0,1168000.0,Offline
2024-Q4-00162,2024-10-14,WH-ROSSI-20,C087,B16,1,2118000.0,321000.0,Offline
2024-Q4-00163,2024-12-22,AC-15HP-CS,C005,B07,2,21637000.0,3028000.0,Online
2024-Q4-00164,2024-11-30,AIR-PURI-60,C004,B14,1,7392000.0,1196000.0,Offline
2024-Q4-00165,2024-12-23,WM-PANA-11,C032,B05,2,22038000.0,2711000.0,Online
2024-Q4-00166,2024-12-07,VAC-PANA-16,C072,B03,1,2562000.0,344000.0,Offline
2024-Q4-00167,2024-11-03,WM-PANA-11,C086,B10,1,10931000.0,1804000.0,Offline
2024-Q4-00168,2024-12-28,MW-SHARP-23,C030,B06,1,2263000.0,281000.0,Online
2024-Q4-00169,2024-11-07,AC-1HP-CS,C079,B14,2,18167000.0,3019000.0,Online
2024-Q4-00170,2024-12-30,WH-ROSSI-20,C017,B04,1,2268000.0,390000.0,Offline
2024-Q4-00171,2024-10-16,WH-ARIST-30,C086,B16,1,3496000.0,511000.0,Offline
2024-Q4-00172,2024-11-12,AC-1HP-CS,C061,B19,2,18313000.0,2650000.0,Offline
2024-Q4-00173,2024-11-18,WH-ROSSI-20,C100,B17,1,2144000.0,285000.0,Online
2024-Q4-00174,2024-11-14,WH-ARIST-30,C070,B16,1,3326000.0,515000.0,Offline
2024-Q4-00175,2024-10-08,WH-ROSSI-20,C094,B08,2,4318000.0,696000.0,Offline
2024-Q4-00176,2024-10-10,MW-PANA-25,C015,B03,1,3386000.0,412000.0,Offline
2024-Q4-00177,2024-10-29,RC-TOSH-18,C048,B10,3,5120000.0,805000.0,Offline
2024-Q4-00178,2024-12-02,WH-ROSSI-20,C097,B13,1,2348000.0,308000.0,Online
2024-Q4-00179,2024-12-29,KTL-PANA-20,C050,B07,1,858000.0,117000.0,Offline
2024-Q4-00180,2024-12-25,FAN-ASIA-40,C066,B03,2,1202000.0,156000.0,Offline
2024-Q4-00181,2024-12-23,VAC-PANA-16,C036,B12,1,2556000.0,398000.0,Online
2024-Q4-00182,2024-11-14,WM-AQUA-9,C068,B13,1,7818000.0,1236000.0,Offline
2024-Q4-00183,2024-10-27,FAN-ASIA-40,C085,B11,2,1130000.0,146000.0,Offline
2024-Q4-00184,2024-11-28,WH-ROSSI-20,C013,B20,1,2156000.0,311000.0,Online
2024-Q4-00185,2024-10-16,FAN-ASIA-40,C063,B09,3,1811000.0,253000.0,Offline
2024-Q4-00186,2024-10-03,MW-PANA-25,C006,B13,1,3165000.0,433000.0,Online
2024-Q4-00187,2024-10-25,RC-SHARP-20,C021,B06,1,1921000.0,279000.0,Offline
2024-Q4-00188,2024-11-20,MW-PANA-25,C067,B15,3,10232000.0,1388000.0,Offline
2024-Q4-00189,2024-12-31,KTL-ELUX-17,C079,B13,1,736000.0,105000.0,Online
2024-Q4-00190,2024-12-28,WH-ROSSI-20,C020,B15,1,2220000.0,396000.0,Offline
2024-Q4-00191,2024-11-27,AC-1HP-CS,C085,B08,2,17183000.0,2625000.0,Offline
2024-Q4-00192,2024-10-12,WH-ROSSI-20,C003,B07,2,4133000.0,737000.0,Online
2024-Q4-00193,2024-12-26,WM-AQUA-9,C004,B18,1,8397000.0,1037000.0,Offline
2024-Q4-00194,2024-11-28,AC-15HP-CP,C016,B02,1,8130000.0,1391000.0,Offline
2024-Q4-00195,2024-10-13,AIR-PURI-60,C100,B16,2,14315000.0,1967000.0,Offline
2024-Q4-00196,2024-11-27,WM-PANA-11,C039,B12,1,11209000.0,1858000.0,Online
2024-Q4-00197,2024-12-23,MW-PANA-25,C040,B16,2,6672000.0,955000.0,Online
2024-Q4-00198,2024-10-17,MW-SHARP-23,C081,B18,1,2235000.0,401000.0,Offline
2024-Q4-00199,2024-12-12,AC-15HP-CP,C007,B07,1,8095000.0,1385000.0,Online
2024-Q4-00200,2024-10-17,AC-15HP-CP,C094,B19,2,16161000.0,2501000.0,Offline
2024-Q4-00201,2024-11-29,MW-SHARP-23,C044,B05,1,2372000.0,326000.0,Offline
2024-Q4-00202,2024-10-14,MW-SHARP-23,C022,B06,1,2231000.0,306000.0,Online
2024-Q4-00203,2024-12-08,AIR-PURI-40,C093,B16,1,4541000.0,713000.0,Online
2024-Q4-00204,2024-12-17,MW-SHARP-23,C052,B09,1,2241000.0,318000.0,Offline
2024-Q4-00205,2024-12-03,KTL-PANA-20,C047,B10,2,1769000.0,236000.0,Offline
2024-Q4-00206,2024-11-27,MW-PANA-25,C079,B06,1,3423000.0,526000.0,Offline
2024-Q4-00207,2024-12-13,AIR-PURI-40,C052,B19,1,4279000.0,604000.0,Offline
2024-Q4-00208,2024-11-02,MW-SHARP-23,C092,B10,2,4026000.0,607000.0,Offline
2024-Q4-00209,2024-10-24,AIR-PURI-40,C080,B18,2,9351000.0,1255000.0,Online
2024-Q4-00210,2024-10-18,MW-PANA-25,C018,B07,1,3199000.0,555000.0,Offline
2024-Q4-00211,2024-11-05,VAC-ELUX-18,C083,B08,1,2073000.0,286000.0,Offline
2024-Q4-00212,2024-10-07,WM-PANA-11,C045,B05,2,21462000.0,2772000.0,Offline
2024-Q4-00213,2024-12-11,AIR-PURI-40,C095,B07,1,4629000.0,779000.0,Online
2024-Q4-00214,2024-10-04,MW-PANA-25,C095,B10,2,6055000.0,1031000.0,Offline
2024-Q4-00215,2024-10-25,KTL-PANA-20,C011,B08,1,933000.0,117000.0,Offline
2024-Q4-00216,2024-12-03,WH-ROSSI-20,C091,B02,1,2051000.0,340000.0,Online
2024-Q4-00217,2024-12-13,MW-PANA-25,C008,B05,1,3068000.0,522000.0,Offline
2024-Q4-00218,2024-12-11,KTL-ELUX-17,C041,B02,1,710000.0,119000.0,Offline
2024-Q4-00219,2024-12-02,WH-ARIST-30,C087,B12,1,3275000.0,466000.0,Online
2024-Q4-00220,2024-10-31,KTL-ELUX-17,C014,B17,2,1315000.0,204000.0,Online
2024-Q4-00221,2024-10-11,RC-TOSH-18,C076,B05,2,3542000.0,514000.0,Offline
2024-Q4-00222,2024-12-09,FAN-ASIA-40,C020,B09,1,596000.0,93000.0,Online
2024-Q4-00223,2024-10-09,FAN-ASIA-40,C097,B03,1,643000.0,82000.0,Online
2024-Q4-00224,2024-12-28,WH-ARIST-30,C004,B12,1,3255000.0,488000.0,Offline
2024-Q4-00225,2024-11-11,WH-ROSSI-20,C091,B09,1,2216000.0,353000.0,Offline
2024-Q4-00226,2024-12-17,KTL-PANA-20,C049,B15,1,849000.0,107000.0,Online
2024-Q4-00227,2024-12-08,WM-AQUA-9,C026,B16,2,16417000.0,1982000.0,Online
2024-Q4-00228,2024-11-22,WH-ROSSI-20,C035,B04,2,4303000.0,641000.0,Online
2024-Q4-00229,2024-12-20,WH-ARIST-30,C088,B17,1,3433000.0,524000.0,Online
2024-Q4-00230,2024-10-30,AC-15HP-CS,C006,B05,2,22516000.0,3238000.0,Online
2024-Q4-00231,2024-12-10,WH-ROSSI-20,C062,B03,1,2256000.0,298000.0,Online
2024-Q4-00232,2024-12-20,AC-1HP-CS,C074,B01,2,17908000.0,2613000.0,Online
2024-Q4-00233,2024-12-13,WH-ROSSI-20,C064,B06,1,2053000.0,287000.0,Offline
2024-Q4-00234,2024-12-16,RC-TOSH-18,C044,B02,3,5080000.0,834000.0,Offline
2024-Q4-00235,2024-12-14,MW-PANA-25,C023,B20,3,9946000.0,1495000.0,Offline
2024-Q4-00236,2024-12-04,WH-ROSSI-20,C021,B16,2,4389000.0,709000.0,Online
2024-Q4-00237,2024-12-06,MW-PANA-25,C032,B17,2,6362000.0,769000.0,Offline
2024-Q4-00238,2024-11-19,VAC-PANA-16,C010,B08,1,2516000.0,449000.0,Offline
2024-Q4-00239,2024-10-17,FAN-PANA-45,C091,B16,3,3388000.0,562000.0,Online
2024-Q4-00240,2024-12-04,WH-ARIST-30,C093,B08,1,3486000.0,603000.0,Offline
2024-Q4-00241,2024-10-13,WH-ARIST-30,C030,B01,1,3373000.0,516000.0,Online
2024-Q4-00242,2024-11-02,AIR-PURI-40,C087,B14,1,4962000.0,729000.0,Online
2024-Q4-00243,2024-10-22,WH-ARIST-30,C011,B13,1,3337000.0,548000.0,Online
2024-Q4-00244,2024-11-05,RC-SHARP-20,C030,B08,2,3746000.0,587000.0,Offline
2024-Q4-00245,2024-11-21,AIR-PURI-60,C074,B10,2,14718000.0,2595000.0,Offline
2024-Q4-00246,2024-12-30,AIR-PURI-40,C031,B12,2,9115000.0,1437000.0,Offline
2024-Q4-00247,2024-11-08,VAC-PANA-16,C036,B07,2,5097000.0,782000.0,Offline
2024-Q4-00248,2024-11-28,WH-ROSSI-20,C025,B06,1,2016000.0,319000.0,Offline
2024-Q4-00249,2024-11-18,MW-SHARP-23,C031,B05,1,2327000.0,356000.0,Offline
2024-Q4-00250,2024-11-04,RC-SHARP-20,C009,B04,1,1897000.0,333000.0,Online
2024-Q4-00251,2024-12-18,RC-TOSH-18,C025,B03,1,1629000.0,261000.0,Offline
2024-Q4-00252,2024-11-17,VAC-PANA-16,C060,B06,1,2688000.0,402000.0,Offline
2024-Q4-00253,2024-10-26,RC-TOSH-18,C003,B04,2,3251000.0,431000.0,Offline
2024-Q4-00254,2024-11-18,WH-ROSSI-20,C038,B09,1,2049000.0,367000.0,Online
2024-Q4-00255,2024-10-31,KTL-ELUX-17,C008,B05,1,801000.0,109000.0,Offline
2024-Q4-00256,2024-11-24,WM-AQUA-9,C099,B07,2,16034000.0,2672000.0,Online
2024-Q4-00257,2024-11-14,AIR-PURI-60,C099,B01,1,6989000.0,1193000.0,Offline
2024-Q4-00258,2024-11-28,FAN-ASIA-40,C074,B09,2,1202000.0,216000.0,Online
2024-Q4-00259,2024-11-26,FAN-ASIA-40,C019,B05,1,568000.0,69000.0,Offline
2024-Q4-00260,2024-10-01,VAC-ELUX-18,C084,B20,1,1942000.0,257000.0,Offline
2024-Q4-00261,2024-10-28,VAC-ELUX-18,C064,B06,2,4299000.0,698000.0,Offline
2024-Q4-00262,2024-10-14,AIR-PURI-40,C084,B03,1,4327000.0,552000.0,Offline
2024-Q4-00263,2024-12-14,FAN-ASIA-40,C010,B02,2,1283000.0,216000.0,Online
2024-Q4-00264,2024-11-16,WM-PANA-11,C070,B06,2,22404000.0,3872000.0,Offline
2024-Q4-00265,2024-10-02,AIR-PURI-40,C088,B04,2,8858000.0,1236000.0,Online
2024-Q4-00266,2024-10-07,RC-TOSH-18,C066,B07,2,3105000.0,407000.0,Offline
2024-Q4-00267,2024-11-13,KTL-ELUX-17,C014,B01,1,735000.0,127000.0,Online
2024-Q4-00268,2024-11-14,VAC-ELUX-18,C002,B17,1,2316000.0,341000.0,Online
2024-Q4-00269,2024-10-27,WH-ROSSI-20,C091,B16,1,2244000.0,284000.0,Offline
2024-Q4-00270,2024-10-12,AC-15HP-CS,C039,B15,2,22234000.0,3336000.0,Offline
2024-Q4-00271,2024-11-29,WH-ARIST-30,C004,B04,2,6995000.0,1228000.0,Offline
2024-Q4-00272,2024-10-20,VAC-PANA-16,C034,B02,1,2451000.0,351000.0,Online
2024-Q4-00273,2024-12-28,WH-ARIST-30,C060,B17,1,3264000.0,421000.0,Online
2024-Q4-00274,2024-12-26,WH-ARIST-30,C034,B18,1,3348000.0,508000.0,Offline
2024-Q4-00275,2024-10-29,AIR-PURI-40,C009,B10,1,4567000.0,742000.0,Offline
2024-Q4-00276,2024-10-07,RC-SHARP-20,C014,B20,1,2010000.0,291000.0,Offline
2024-Q4-00277,2024-12-04,FAN-ASIA-40,C047,B07,3,1865000.0,239000.0,Online
2024-Q4-00278,2024-11-29,VAC-PANA-16,C062,B14,1,2389000.0,400000.0,Offline
2024-Q4-00279,2024-11-01,AIR-PURI-40,C022,B16,1,4365000.0,685000.0,Online
2024-Q4-00280,2024-12-04,WH-ARIST-30,C084,B20,1,3407000.0,500000.0,Offline
2024-Q4-00281,2024-12-16,AIR-PURI-60,C076,B04,2,14388000.0,2104000.0,Offline
2024-Q4-00282,2024-12-31,AC-1HP-CS,C013,B07,1,8865000.0,1591000.0,Offline
2024-Q4-00283,2024-12-02,WH-ROSSI-20,C013,B07,1,2047000.0,272000.0,Offline
2024-Q4-00284,2024-10-31,AIR-PURI-40,C017,B05,2,8727000.0,1376000.0,Online
2024-Q4-00285,2024-10-10,WH-ROSSI-20,C003,B02,2,4265000.0,666000.0,Offline
2024-Q4-00286,2024-11-10,RC-TOSH-18,C069,B04,3,4831000.0,842000.0,Online
2024-Q4-00287,2024-10-08,KTL-ELUX-17,C019,B11,3,2308000.0,313000.0,Online
2024-Q4-00288,2024-10-26,RC-SHARP-20,C057,B02,1,1848000.0,233000.0,Offline
2024-Q4-00289,2024-11-21,WH-ROSSI-20,C002,B13,1,2039000.0,325000.0,Online
2024-Q4-00290,2024-12-05,AC-1HP-CP,C060,B11,2,12733000.0,1939000.0,Online
2024-Q4-00291,2024-12-25,VAC-ELUX-18,C069,B01,2,4278000.0,686000.0,Online
2024-Q4-00292,2024-10-11,AC-1HP-CS,C008,B17,2,17143000.0,2114000.0,Online
2024-Q4-00293,2024-11-15,KTL-PANA-20,C016,B03,1,928000.0,126000.0,Online
2024-Q4-00294,2024-11-16,VAC-ELUX-18,C008,B13,1,2166000.0,319000.0,Offline
2024-Q4-00295,2024-12-10,AIR-PURI-40,C040,B09,2,8911000.0,1205000.0,Offline
2024-Q4-00296,2024-11-28,KTL-PANA-20,C094,B15,1,883000.0,123000.0,Offline
2024-Q4-00297,2024-12-03,MW-PANA-25,C001,B19,1,3119000.0,404000.0,Offline
2024-Q4-00298,2024-10-08,AIR-PURI-40,C017,B05,1,4472000.0,708000.0,Offline
2024-Q4-00299,2024-11-05,MW-PANA-25,C038,B02,1,3198000.0,427000.0,Online
2024-Q4-00300,2024-10-04,WM-AQUA-9,C070,B09,1,8314000.0,1410000.0,Online
2024-Q4-00301,2024-12-04,AC-1HP-CP,C097,B08,1,6245000.0,756000.0,Offline
2024-Q4-00302,2024-12-10,MW-SHARP-23,C088,B19,2,4419000.0,536000.0,Offline
2024-Q4-00303,2024-12-29,WM-PANA-11,C037,B10,1,10930000.0,1701000.0,Offline
2024-Q4-00304,2024-12-27,KTL-ELUX-17,C094,B03,3,2207000.0,362000.0,Offline
2024-Q4-00305,2024-10-31,VAC-ELUX-18,C029,B18,2,4077000.0,646000.0,Online
2024-Q4-00306,2024-11-24,FAN-ASIA-40,C066,B07,2,1132000.0,200000.0,Offline
2024-Q4-00307,2024-10-17,WM-PANA-11,C071,B16,2,21451000.0,2933000.0,Offline
2024-Q4-00308,2024-11-08,VAC-ELUX-18,C050,B16,2,4507000.0,614000.0,Online
2024-Q4-00309,2024-11-03,FAN-PANA-45,C005,B18,2,2218000.0,392000.0,Offline
2024-Q4-00310,2024-11-24,KTL-PANA-20,C047,B11,2,1766000.0,287000.0,Online
2024-Q4-00311,2024-10-27,WM-AQUA-9,C012,B16,1,9268000.0,1641000.0,Offline
2024-Q4-00312,2024-10-09,VAC-PANA-16,C089,B20,1,2219000.0,310000.0,Offline
2024-Q4-00313,2024-12-24,WM-AQUA-9,C088,B18,1,7852000.0,1216000.0,Online
2024-Q4-00314,2024-11-29,AIR-PURI-40,C002,B13,1,4436000.0,742000.0,Offline
2024-Q4-00315,2024-11-30,AC-1HP-CP,C091,B12,1,6333000.0,1006000.0,Online
2024-Q4-00316,2024-11-15,AIR-PURI-40,C049,B08,2,10534000.0,1659000.0,Offline
2024-Q4-00317,2024-11-13,VAC-ELUX-18,C011,B03,1,2267000.0,393000.0,Online
2024-Q4-00318,2024-11-17,WH-ROSSI-20,C050,B01,1,2072000.0,254000.0,Offline
2024-Q4-00319,2024-12-08,FAN-PANA-45,C075,B11,2,2162000.0,381000.0,Online
2024-Q4-00320,2024-12-04,AC-15HP-CS,C012,B08,1,10661000.0,1564000.0,Offline
2024-Q4-00321,2024-12-01,KTL-ELUX-17,C077,B09,1,749000.0,91000.0,Offline
2024-Q4-00322,2024-10-09,RC-SHARP-20,C046,B05,1,1706000.0,255000.0,Online
2024-Q4-00323,2024-11-11,VAC-ELUX-18,C008,B02,1,2278000.0,300000.0,Online
2024-Q4-00324,2024-12-19,RC-SHARP-20,C006,B07,1,1956000.0,270000.0,Offline
2024-Q4-00325,2024-12-11,AC-15HP-CP,C042,B03,1,7548000.0,1289000.0,Offline
2024-Q4-00326,2024-10-10,RC-TOSH-18,C097,B03,1,1566000.0,268000.0,Offline
2024-Q4-00327,2024-12-30,WH-ARIST-30,C051,B02,2,6895000.0,1089000.0,Offline
2024-Q4-00328,2024-12-16,RC-SHARP-20,C003,B05,1,1969000.0,260000.0,Online
2024-Q4-00329,2024-12-31,RC-SHARP-20,C078,B19,1,1891000.0,340000.0,Offline
2024-Q4-00330,2024-12-17,AIR-PURI-40,C089,B04,1,4439000.0,787000.0,Offline
2024-Q4-00331,2024-11-24,WH-ARIST-30,C027,B15,2,6995000.0,1166000.0,Online
2024-Q4-00332,2024-12-07,WH-ROSSI-20,C051,B17,1,2128000.0,381000.0,Offline
2024-Q4-00333,2024-11-16,AIR-PURI-40,C086,B11,1,4252000.0,694000.0,Offline
2024-Q4-00334,2024-12-26,VAC-PANA-16,C071,B01,2,5154000.0,716000.0,Offline
2024-Q4-00335,2024-12-15,AC-1HP-CS,C063,B11,1,9518000.0,1659000.0,Offline
2024-Q4-00336,2024-11-03,AC-15HP-CS,C014,B17,2,21608000.0,2631000.0,Offline
2024-Q4-00337,2024-10-15,WH-ARIST-30,C014,B08,1,3373000.0,519000.0,Online
2024-Q4-00338,2024-12-04,AIR-PURI-40,C058,B19,2,9583000.0,1162000.0,Online
2024-Q4-00339,2024-12-29,FAN-PANA-45,C057,B03,2,2193000.0,299000.0,Online
2024-Q4-00340,2024-12-16,WM-PANA-11,C021,B05,2,20828000.0,3697000.0,Offline
2024-Q4-00341,2024-10-09,RC-SHARP-20,C084,B20,2,3860000.0,657000.0,Online
2024-Q4-00342,2024-10-15,MW-SHARP-23,C049,B08,3,7646000.0,978000.0,Offline
2024-Q4-00343,2024-11-30,AIR-PURI-60,C077,B03,1,6945000.0,937000.0,Offline
2024-Q4-00344,2024-11-17,WH-ROSSI-20,C097,B02,2,4352000.0,646000.0,Offline
2024-Q4-00345,2024-12-10,RC-SHARP-20,C064,B10,3,5266000.0,927000.0,Online
2024-Q4-00346,2024-11-12,VAC-ELUX-18,C093,B07,2,4196000.0,708000.0,Offline
2024-Q4-00347,2024-11-02,WH-ARIST-30,C045,B01,1,3630000.0,575000.0,Offline
2024-Q4-00348,2024-10-22,KTL-ELUX-17,C043,B17,1,741000.0,119000.0,Offline
2024-Q4-00349,2024-10-05,WM-PANA-11,C004,B11,1,10656000.0,1674000.0,Offline
2024-Q4-00350,2024-12-05,WH-ARIST-30,C059,B02,1,3377000.0,533000.0,Online
2024-Q4-00351,2024-12-06,RC-TOSH-18,C030,B07,3,5103000.0,847000.0,Online
2024-Q4-00352,2024-12-09,MW-SHARP-23,C037,B03,3,6402000.0,843000.0,Offline
2024-Q4-00353,2024-11-23,WH-ARIST-30,C031,B08,1,3070000.0,379000.0,Offline
2024-Q4-00354,2024-10-20,AC-1HP-CP,C075,B19,1,6134000.0,774000.0,Offline
2024-Q4-00355,2024-12-17,AIR-PURI-40,C043,B05,2,9440000.0,1273000.0,Online
2024-Q4-00356,2024-11-27,AC-15HP-CS,C078,B10,1,11293000.0,1520000.0,Online
2024-Q4-00357,2024-10-24,VAC-ELUX-18,C008,B20,2,4367000.0,622000.0,Offline
2024-Q4-00358,2024-11-04,WH-ROSSI-20,C045,B12,1,2001000.0,355000.0,Offline
2024-Q4-00359,2024-11-04,WH-ARIST-30,C035,B04,1,3793000.0,623000.0,Offline
2024-Q4-00360,2024-10-19,KTL-PANA-20,C023,B09,2,1885000.0,240000.0,Online
2024-Q4-00361,2024-12-16,RC-SHARP-20,C091,B19,3,5713000.0,1015000.0,Online
2024-Q4-00362,2024-11-26,WM-AQUA-9,C003,B04,2,17687000.0,3038000.0,Offline
2024-Q4-00363,2024-12-26,WH-ARIST-30,C049,B02,2,7324000.0,1273000.0,Offline
2024-Q4-00364,2024-12-08,KTL-PANA-20,C020,B08,1,928000.0,159000.0,Online
2024-Q4-00365,2024-10-21,AC-15HP-CS,C065,B04,1,10325000.0,1306000.0,Offline
2024-Q4-00366,2024-10-04,WM-AQUA-9,C034,B18,1,8166000.0,1445000.0,Online
2024-Q4-00367,2024-10-16,WH-ROSSI-20,C023,B09,1,2115000.0,329000.0,Offline
2024-Q4-00368,2024-10-21,RC-TOSH-18,C040,B20,1,1676000.0,234000.0,Offline
2024-Q4-00369,2024-10-02,AIR-PURI-60,C015,B01,1,7137000.0,987000.0,Online
2024-Q4-00370,2024-12-17,WH-ROSSI-20,C041,B12,1,2132000.0,264000.0,Offline
2024-Q4-00371,2024-12-07,WH-ROSSI-20,C065,B16,2,4477000.0,771000.0,Offline
2024-Q4-00372,2024-10-10,KTL-PANA-20,C075,B09,3,2962000.0,487000.0,Online
2024-Q4-00373,2024-12-25,KTL-ELUX-17,C025,B03,1,727000.0,108000.0,Online
2024-Q4-00374,2024-11-20,WM-AQUA-9,C057,B03,1,7891000.0,1248000.0,Offline
2024-Q4-00375,2024-11-06,AIR-PURI-40,C043,B20,1,4314000.0,765000.0,Offline
2024-Q4-00376,2024-11-03,RC-SHARP-20,C023,B14,1,2037000.0,343000.0,Offline
2024-Q4-00377,2024-12-17,RC-SHARP-20,C038,B18,1,1822000.0,305000.0,Online
2024-Q4-00378,2024-11-08,VAC-ELUX-18,C037,B17,2,4306000.0,539000.0,Offline
2024-Q4-00379,2024-12-09,MW-SHARP-23,C025,B06,2,4539000.0,655000.0,Online
2024-Q4-00380,2024-11-12,AC-1HP-CS,C066,B02,1,9338000.0,1469000.0,Online
2024-Q4-00381,2024-10-02,VAC-ELUX-18,C046,B01,1,2324000.0,327000.0,Online
2024-Q4-00382,2024-12-06,WH-ARIST-30,C028,B05,1,3505000.0,607000.0,Offline
2024-Q4-00383,2024-12-11,MW-PANA-25,C023,B08,1,2963000.0,411000.0,Offline
2024-Q4-00384,2024-12-17,FAN-ASIA-40,C008,B15,2,1099000.0,132000.0,Online
2024-Q4-00385,2024-12-10,AIR-PURI-40,C099,B11,2,9266000.0,1661000.0,Offline
2024-Q4-00386,2024-12-23,AIR-PURI-60,C086,B10,1,7276000.0,881000.0,Online
2024-Q4-00387,2024-10-15,KTL-PANA-20,C087,B17,2,1862000.0,257000.0,Online
2024-Q4-00388,2024-10-24,FAN-ASIA-40,C016,B19,2,1168000.0,204000.0,Offline
2024-Q4-00389,2024-10-03,RC-TOSH-18,C016,B05,1,1760000.0,237000.0,Offline
2024-Q4-00390,2024-11-14,WH-ROSSI-20,C065,B20,2,4357000.0,577000.0,Offline
2024-Q4-00391,2024-12-01,VAC-PANA-16,C031,B18,1,2524000.0,309000.0,Offline
2024-Q4-00392,2024-11-30,WM-PANA-11,C046,B07,1,11381000.0,1916000.0,Online
2024-Q4-00393,2024-10-08,RC-TOSH-18,C052,B13,3,4987000.0,630000.0,Offline
2024-Q4-00394,2024-10-08,AC-1HP-CP,C052,B20,1,5964000.0,879000.0,Offline
2024-Q4-00395,2024-11-24,AIR-PURI-40,C071,B03,2,8265000.0,1098000.0,Offline
2024-Q4-00396,2024-12-18,FAN-PANA-45,C059,B20,2,2221000.0,301000.0,Offline
2024-Q4-00397,2024-10-10,VAC-PANA-16,C023,B20,2,5260000.0,640000.0,Online
2024-Q4-00398,2024-11-29,WM-PANA-11,C018,B13,1,10071000.0,1251000.0,Online
2024-Q4-00399,2024-10-31,VAC-ELUX-18,C077,B20,1,2186000.0,268000.0,Offline
2024-Q4-00400,2024-10-16,AC-15HP-CP,C005,B06,2,15974000.0,2064000.0,Offline
2024-Q4-00401,2024-10-05,WM-AQUA-9,C046,B10,1,9012000.0,1465000.0,Offline
2024-Q4-00402,2024-12-02,WM-AQUA-9,C061,B15,1,9098000.0,1093000.0,Offline
2024-Q4-00403,2024-11-21,WM-AQUA-9,C082,B07,1,8631000.0,1524000.0,Online
2024-Q4-00404,2024-11-05,RC-TOSH-18,C091,B19,1,1478000.0,185000.0,Online
2024-Q4-00405,2024-12-10,AC-15HP-CP,C061,B02,1,8433000.0,1517000.0,Online
2024-Q4-00406,2024-11-10,WM-PANA-11,C086,B10,2,23036000.0,3866000.0,Offline
2024-Q4-00407,2024-11-15,AC-1HP-CP,C089,B17,1,5626000.0,680000.0,Online
2024-Q4-00408,2024-10-30,AC-15HP-CP,C044,B19,1,7190000.0,1093000.0,Offline
2024-Q4-00409,2024-10-05,WM-PANA-11,C086,B19,1,11054000.0,1968000.0,Offline
2024-Q4-00410,2024-12-17,WH-ROSSI-20,C068,B03,2,4024000.0,634000.0,Online
2024-Q4-00411,2024-10-25,WH-ARIST-30,C003,B14,1,3267000.0,523000.0,Offline
2024-Q4-00412,2024-12-31,MW-PANA-25,C024,B04,2,6509000.0,977000.0,Online
2024-Q4-00413,2024-11-29,WH-ARIST-30,C006,B01,1,3623000.0,478000.0,Online
2024-Q4-00414,2024-12-12,AC-15HP-CP,C026,B16,2,15199000.0,2291000.0,Online
2024-Q4-00415,2024-11-15,FAN-PANA-45,C025,B08,1,1040000.0,155000.0,Offline
2024-Q4-00416,2024-11-12,MW-PANA-25,C034,B06,1,3038000.0,472000.0,Online
2024-Q4-00417,2024-11-09,KTL-ELUX-17,C080,B17,2,1562000.0,265000.0,Offline
2024-Q4-00418,2024-12-06,AIR-PURI-40,C021,B03,1,4470000.0,617000.0,Online
2024-Q4-00419,2024-10-12,RC-TOSH-18,C001,B19,2,3002000.0,469000.0,Offline
2024-Q4-00420,2024-12-15,RC-TOSH-18,C082,B14,1,1766000.0,313000.0,Online
2024-Q4-00421,2024-10-26,WH-ARIST-30,C074,B09,2,6127000.0,1058000.0,Online
2024-Q4-00422,2024-11-07,WH-ARIST-30,C036,B03,1,3403000.0,511000.0,Online
2024-Q4-00423,2024-11-15,AC-15HP-CP,C094,B05,1,8076000.0,1295000.0,Offline
2024-Q4-00424,2024-10-29,WH-ROSSI-20,C064,B19,2,4087000.0,566000.0,Online
2024-Q4-00425,2024-11-13,MW-SHARP-23,C013,B16,1,2263000.0,310000.0,Online
2024-Q4-00426,2024-10-08,VAC-ELUX-18,C089,B10,2,4496000.0,792000.0,Online
2024-Q4-00427,2024-10-04,MW-SHARP-23,C013,B03,1,2258000.0,293000.0,Offline
2024-Q4-00428,2024-10-30,KTL-PANA-20,C004,B14,1,934000.0,159000.0,Online
2024-Q4-00429,2024-12-27,WH-ROSSI-20,C060,B16,1,2129000.0,280000.0,Offline
2024-Q4-00430,2024-12-25,KTL-ELUX-17,C067,B09,1,667000.0,92000.0,Online
2024-Q4-00431,2024-11-21,MW-SHARP-23,C018,B06,1,2276000.0,301000.0,Offline
2024-Q4-00432,2024-12-20,AC-1HP-CS,C072,B08,1,8926000.0,1326000.0,Offline
2024-Q4-00433,2024-12-29,AC-1HP-CP,C068,B19,1,6144000.0,927000.0,Offline
2024-Q4-00434,2024-10-25,AC-15HP-CS,C028,B20,2,22266000.0,3887000.0,Offline
2024-Q4-00435,2024-11-30,KTL-ELUX-17,C023,B01,2,1474000.0,241000.0,Offline
2024-Q4-00436,2024-11-05,VAC-ELUX-18,C053,B17,2,4347000.0,661000.0,Online
2024-Q4-00437,2024-10-30,MW-SHARP-23,C069,B12,2,4905000.0,801000.0,Online
2024-Q4-00438,2024-11-09,RC-TOSH-18,C017,B18,3,4810000.0,853000.0,Offline
2024-Q4-00439,2024-10-27,WH-ARIST-30,C041,B05,2,6659000.0,1087000.0,Online
2024-Q4-00440,2024-11-23,RC-SHARP-20,C031,B12,1,1958000.0,311000.0,Online
2024-Q4-00441,2024-10-19,WH-ROSSI-20,C020,B18,1,2266000.0,336000.0,Online
2024-Q4-00442,2024-11-21,VAC-ELUX-18,C096,B07,1,2361000.0,348000.0,Online
2024-Q4-00443,2024-10-24,VAC-PANA-16,C096,B12,1,2659000.0,416000.0,Offline
2024-Q4-00444,2024-10-01,FAN-ASIA-40,C031,B12,3,1722000.0,211000.0,Online
2024-Q4-00445,2024-10-27,WH-ARIST-30,C093,B20,1,3384000.0,451000.0,Offline
2024-Q4-00446,2024-10-30,RC-TOSH-18,C014,B19,1,1650000.0,260000.0,Offline
2024-Q4-00447,2024-12-06,FAN-ASIA-40,C017,B04,2,1284000.0,207000.0,Offline
2024-Q4-00448,2024-12-10,KTL-PANA-20,C059,B03,1,872000.0,146000.0,Offline
2024-Q4-00449,2024-12-26,FAN-PANA-45,C079,B04,2,2271000.0,341000.0,Offline
2024-Q4-00450,2024-11-09,WH-ROSSI-20,C086,B02,1,2156000.0,295000.0,Offline
2024-Q4-00451,2024-11-26,WH-ARIST-30,C085,B10,1,3151000.0,409000.0,Offline
2024-Q4-00452,2024-11-19,WM-PANA-11,C041,B14,1,11388000.0,1375000.0,Offline
2024-Q4-00453,2024-12-26,AC-1HP-CP,C041,B05,2,11996000.0,1559000.0,Offline
2024-Q4-00454,2024-12-30,FAN-PANA-45,C028,B17,2,1894000.0,274000.0,Online
2024-Q4-00455,2024-12-02,AIR-PURI-40,C032,B05,1,4662000.0,782000.0,Offline
2024-Q4-00456,2024-10-30,WH-ROSSI-20,C087,B05,1,2129000.0,380000.0,Offline
2024-Q4-00457,2024-12-12,AC-1HP-CS,C007,B11,1,9224000.0,1349000.0,Offline
2024-Q4-00458,2024-10-23,WH-ROSSI-20,C087,B04,1,2363000.0,287000.0,Offline
2024-Q4-00459,2024-12-25,FAN-ASIA-40,C005,B07,2,1204000.0,168000.0,Offline
2024-Q4-00460,2024-10-03,MW-PANA-25,C091,B02,1,3346000.0,459000.0,Offline
2024-Q4-00461,2024-10-20,WM-AQUA-9,C066,B05,1,8780000.0,1322000.0,Offline
2024-Q4-00462,2024-12-02,WM-AQUA-9,C028,B03,1,8360000.0,1389000.0,Offline
2024-Q4-00463,2024-12-17,WM-AQUA-9,C041,B16,1,8655000.0,1526000.0,Offline
2024-Q4-00464,2024-11-07,VAC-ELUX-18,C008,B13,1,2268000.0,403000.0,Offline
2024-Q4-00465,2024-12-01,RC-SHARP-20,C015,B06,2,3864000.0,554000.0,Offline
2024-Q4-00466,2024-11-24,VAC-ELUX-18,C082,B03,1,2239000.0,353000.0,Offline
2024-Q4-00467,2024-10-18,WH-ARIST-30,C095,B19,1,3364000.0,589000.0,Offline
2024-Q4-00468,2024-11-02,VAC-ELUX-18,C066,B02,1,2449000.0,347000.0,Offline
2024-Q4-00469,2024-11-01,WH-ROSSI-20,C095,B08,1,2106000.0,325000.0,Offline
2024-Q4-00470,2024-10-06,MW-SHARP-23,C001,B05,2,4829000.0,707000.0,Online
2024-Q4-00471,2024-12-27,WM-AQUA-9,C047,B06,1,9093000.0,1146000.0,Offline
2024-Q4-00472,2024-11-18,KTL-PANA-20,C091,B10,1,939000.0,113000.0,Offline
2024-Q4-00473,2024-12-23,RC-TOSH-18,C033,B03,3,4779000.0,763000.0,Offline
2024-Q4-00474,2024-11-08,VAC-PANA-16,C002,B16,1,2327000.0,285000.0,Online
2024-Q4-00475,2024-10-28,AIR-PURI-60,C080,B10,1,6695000.0,940000.0,Online
2024-Q4-00476,2024-10-29,AIR-PURI-60,C066,B20,1,7811000.0,1360000.0,Offline
2024-Q4-00477,2024-10-20,FAN-PANA-45,C079,B02,2,2189000.0,368000.0,Offline
2024-Q4-00478,2024-12-26,WH-ROSSI-20,C091,B06,1,2197000.0,318000.0,Offline
2024-Q4-00479,2024-10-13,RC-TOSH-18,C007,B05,2,3185000.0,563000.0,Online
2024-Q4-00480,2024-10-22,WM-PANA-11,C055,B09,1,10786000.0,1752000.0,Offline
2024-Q4-00481,2024-12-17,VAC-ELUX-18,C039,B10,1,2330000.0,358000.0,Online
2024-Q4-00482,2024-10-21,WH-ROSSI-20,C067,B14,1,1987000.0,301000.0,Offline
2024-Q4-00483,2024-10-09,FAN-PANA-45,C097,B09,3,3286000.0,527000.0,Offline
2024-Q4-00484,2024-11-01,AC-15HP-CS,C046,B20,1,10770000.0,1461000.0,Online
2024-Q4-00485,2024-12-14,WH-ROSSI-20,C020,B13,1,2067000.0,330000.0,Offline
2024-Q4-00486,2024-12-23,AIR-PURI-60,C098,B17,1,6898000.0,1103000.0,Offline
2024-Q4-00487,2024-11-25,WH-ROSSI-20,C039,B09,1,2002000.0,333000.0,Offline
2024-Q4-00488,2024-12-19,WH-ARIST-30,C007,B15,1,3728000.0,469000.0,Offline
2024-Q4-00489,2024-12-08,WH-ROSSI-20,C068,B07,1,1983000.0,271000.0,Offline
2024-Q4-00490,2024-11-30,RC-TOSH-18,C035,B14,1,1605000.0,275000.0,Offline
2024-Q4-00491,2024-12-12,MW-SHARP-23,C039,B19,1,2083000.0,369000.0,Offline
2024-Q4-00492,2024-11-19,AIR-PURI-40,C004,B04,2,9035000.0,1220000.0,Offline
2024-Q4-00493,2024-11-12,VAC-ELUX-18,C065,B12,1,2067000.0,339000.0,Online
2024-Q4-00494,2024-12-05,MW-SHARP-23,C054,B04,2,4638000.0,669000.0,Offline
2024-Q4-00495,2024-10-13,WH-ARIST-30,C072,B09,1,3814000.0,460000.0,Offline
2024-Q4-00496,2024-10-01,KTL-ELUX-17,C096,B10,3,2338000.0,365000.0,Online
2024-Q4-00497,2024-12-06,AIR-PURI-40,C094,B18,1,4118000.0,675000.0,Online
2024-Q4-00498,2024-12-24,AC-1HP-CS,C082,B13,1,8970000.0,1279000.0,Offline
2024-Q4-00499,2024-11-03,WM-PANA-11,C003,B14,1,11473000.0,1816000.0,Online
2024-Q4-00500,2024-10-06,WM-PANA-11,C099,B17,2,21089000.0,3478000.0,Offline
2024-Q4-00501,2024-10-27,VAC-PANA-16,C058,B11,1,2446000.0,391000.0,Offline
2024-Q4-00502,2024-11-05,WH-ARIST-30,C025,B03,1,3480000.0,421000.0,Offline
2024-Q4-00503,2024-11-28,RC-SHARP-20,C090,B10,3,5529000.0,908000.0,Offline
2024-Q4-00504,2024-11-09,WH-ARIST-30,C073,B20,2,6752000.0,1202000.0,Online
2024-Q4-00505,2024-12-25,MW-PANA-25,C027,B10,2,6436000.0,1027000.0,Offline
2024-Q4-00506,2024-11-14,WH-ARIST-30,C064,B01,1,3445000.0,494000.0,Offline
2024-Q4-00507,2024-10-11,FAN-PANA-45,C048,B01,2,2412000.0,301000.0,Offline
2024-Q4-00508,2024-12-28,WH-ROSSI-20,C037,B01,1,2181000.0,271000.0,Offline
2024-Q4-00509,2024-10-28,WH-ARIST-30,C022,B06,2,6436000.0,1055000.0,Offline
2024-Q4-00510,2024-12-07,WM-PANA-11,C039,B13,1,11995000.0,1663000.0,Offline
2024-Q4-00511,2024-10-29,AIR-PURI-40,C011,B10,1,4213000.0,666000.0,Offline
2024-Q4-00512,2024-11-26,AIR-PURI-40,C039,B08,1,4379000.0,674000.0,Offline
2024-Q4-00513,2024-11-18,RC-SHARP-20,C065,B07,1,2083000.0,298000.0,Offline
2024-Q4-00514,2024-11-19,KTL-ELUX-17,C028,B16,1,739000.0,99000.0,Offline
2024-Q4-00515,2024-11-20,AC-1HP-CP,C097,B18,1,5906000.0,1058000.0,Offline
2024-Q4-00516,2024-10-19,VAC-PANA-16,C033,B15,2,4929000.0,647000.0,Offline
2024-Q4-00517,2024-11-22,WH-ARIST-30,C047,B05,2,6642000.0,967000.0,Offline
2024-Q4-00518,2024-10-17,AIR-PURI-60,C059,B13,1,7283000.0,1021000.0,Offline
2024-Q4-00519,2024-11-26,RC-TOSH-18,C047,B20,2,3474000.0,575000.0,Offline
2024-Q4-00520,2024-12-16,WH-ARIST-30,C016,B10,2,7400000.0,1195000.0,Online
2024-Q4-00521,2024-12-04,WM-PANA-11,C079,B16,2,22751000.0,3147000.0,Online
2024-Q4-00522,2024-10-18,WH-ARIST-30,C025,B15,1,3645000.0,620000.0,Online
2024-Q4-00523,2024-12-05,MW-PANA-25,C025,B14,1,3696000.0,584000.0,Offline
2024-Q4-00524,2024-12-20,MW-PANA-25,C070,B12,2,6307000.0,1109000.0,Offline
2024-Q4-00525,2024-12-12,AC-1HP-CS,C025,B20,1,8253000.0,1250000.0,Online
2024-Q4-00526,2024-11-26,WH-ARIST-30,C082,B07,2,7129000.0,1085000.0,Offline
2024-Q4-00527,2024-12-01,FAN-ASIA-40,C014,B09,3,1839000.0,231000.0,Offline
2024-Q4-00528,2024-12-31,AC-1HP-CP,C015,B13,1,6671000.0,824000.0,Offline
2024-Q4-00529,2024-11-07,KTL-PANA-20,C041,B18,1,927000.0,159000.0,Online
2024-Q4-00530,2024-10-11,RC-SHARP-20,C033,B11,2,3759000.0,489000.0,Online
2024-Q4-00531,2024-11-19,WM-AQUA-9,C068,B02,1,8791000.0,1422000.0,Online
2024-Q4-00532,2024-10-14,VAC-ELUX-18,C074,B10,2,4349000.0,777000.0,Offline
2024-Q4-00533,2024-12-09,AC-1HP-CP,C100,B17,1,6375000.0,999000.0,Online
2024-Q4-00534,2024-10-31,FAN-ASIA-40,C060,B14,3,1704000.0,213000.0,Offline
2024-Q4-00535,2024-12-06,AC-1HP-CS,C046,B03,2,18661000.0,2800000.0,Offline
2024-Q4-00536,2024-11-27,MW-SHARP-23,C001,B12,1,2333000.0,345000.0,Offline
2024-Q4-00537,2024-11-16,AIR-PURI-40,C073,B04,1,4293000.0,663000.0,Offline
2024-Q4-00538,2024-11-01,WH-ARIST-30,C060,B09,1,3186000.0,423000.0,Offline
2024-Q4-00539,2024-10-14,AC-1HP-CS,C075,B16,2,18617000.0,2572000.0,Offline
2024-Q4-00540,2024-10-11,WM-AQUA-9,C008,B13,2,18359000.0,3283000.0,Offline
2024-Q4-00541,2024-10-12,WM-AQUA-9,C085,B18,1,8925000.0,1380000.0,Offline
2024-Q4-00542,2024-10-02,VAC-PANA-16,C052,B09,1,2570000.0,328000.0,Offline
2024-Q4-00543,2024-12-08,AC-15HP-CP,C001,B10,2,16141000.0,2398000.0,Offline
2024-Q4-00544,2024-12-05,WH-ARIST-30,C027,B02,1,3305000.0,557000.0,Offline
2024-Q4-00545,2024-10-23,WM-PANA-11,C088,B18,1,10979000.0,1859000.0,Offline
2024-Q4-00546,2024-10-02,AC-15HP-CS,C056,B16,1,10656000.0,1836000.0,Online
2024-Q4-00547,2024-11-06,AIR-PURI-60,C028,B01,1,7182000.0,1167000.0,Offline
2024-Q4-00548,2024-10-25,WH-ARIST-30,C061,B09,1,3268000.0,455000.0,Offline
2024-Q4-00549,2024-10-10,WH-ROSSI-20,C017,B08,1,2109000.0,282000.0,Offline
2024-Q4-00550,2024-10-19,KTL-PANA-20,C025,B11,1,951000.0,123000.0,Online
2024-Q4-00551,2024-11-21,MW-SHARP-23,C052,B06,2,4698000.0,835000.0,Offline
2024-Q4-00552,2024-10-08,AIR-PURI-40,C074,B15,1,4653000.0,627000.0,Offline
2024-Q4-00553,2024-11-25,RC-SHARP-20,C024,B06,2,4029000.0,569000.0,Online
2024-Q4-00554,2024-11-13,KTL-ELUX-17,C063,B20,2,1431000.0,253000.0,Offline
2024-Q4-00555,2024-12-09,RC-TOSH-18,C027,B20,1,1518000.0,211000.0,Offline
2024-Q4-00556,2024-11-16,FAN-ASIA-40,C038,B09,2,1175000.0,208000.0,Offline
2024-Q4-00557,2024-10-29,WM-AQUA-9,C014,B20,2,15997000.0,2484000.0,Offline
2024-Q4-00558,2024-10-30,WH-ROSSI-20,C037,B15,2,3981000.0,583000.0,Offline
2024-Q4-00559,2024-11-27,VAC-PANA-16,C095,B08,1,2510000.0,389000.0,Offline
2024-Q4-00560,2024-11-29,VAC-ELUX-18,C011,B19,1,2158000.0,372000.0,Offline
2024-Q4-00561,2024-12-16,AIR-PURI-40,C094,B10,2,8936000.0,1193000.0,Offline
2024-Q4-00562,2024-10-21,AIR-PURI-40,C054,B19,2,8364000.0,1064000.0,Online
2024-Q4-00563,2024-11-05,WM-PANA-11,C023,B17,1,10684000.0,1771000.0,Offline
2024-Q4-00564,2024-12-14,VAC-PANA-16,C089,B16,1,2188000.0,315000.0,Online
2024-Q4-00565,2024-11-11,WH-ROSSI-20,C100,B03,1,2076000.0,335000.0,Offline
2024-Q4-00566,2024-10-28,RC-TOSH-18,C054,B02,1,1588000.0,257000.0,Offline
2024-Q4-00567,2024-12-06,WM-PANA-11,C014,B16,1,10896000.0,1588000.0,Offline
2024-Q4-00568,2024-11-17,AC-1HP-CP,C087,B20,1,6082000.0,976000.0,Offline
2024-Q4-00569,2024-10-28,WH-ARIST-30,C035,B19,1,3288000.0,495000.0,Offline
2024-Q4-00570,2024-11-04,MW-PANA-25,C003,B06,1,3492000.0,524000.0,Online
2024-Q4-00571,2024-11-02,VAC-PANA-16,C091,B17,1,2644000.0,404000.0,Offline
2024-Q4-00572,2024-10-28,WH-ROSSI-20,C073,B15,2,4466000.0,620000.0,Offline
2024-Q4-00573,2024-12-11,AIR-PURI-40,C003,B18,1,4448000.0,754000.0,Online
2024-Q4-00574,2024-12-07,KTL-ELUX-17,C022,B09,1,742000.0,98000.0,Offline
2024-Q4-00575,2024-11-18,WH-ROSSI-20,C070,B12,1,2070000.0,314000.0,Offline
2024-Q4-00576,2024-10-31,FAN-ASIA-40,C005,B16,1,580000.0,91000.0,Online
2024-Q4-00577,2024-10-29,WH-ARIST-30,C029,B10,1,3267000.0,531000.0,Offline
2024-Q4-00578,2024-12-03,AC-1HP-CP,C098,B08,1,6388000.0,1018000.0,Online
2024-Q4-00579,2024-12-11,AIR-PURI-40,C010,B08,1,4430000.0,732000.0,Offline
2024-Q4-00580,2024-12-17,FAN-ASIA-40,C039,B03,2,1205000.0,185000.0,Online
2024-Q4-00581,2024-10-06,WM-AQUA-9,C012,B16,2,15120000.0,2580000.0,Offline
2024-Q4-00582,2024-11-14,AIR-PURI-60,C099,B04,1,7460000.0,927000.0,Online
2024-Q4-00583,2024-12-27,AC-1HP-CP,C072,B18,1,5749000.0,837000.0,Offline
2024-Q4-00584,2024-10-26,AC-15HP-CP,C039,B12,1,8017000.0,1418000.0,Offline
2024-Q4-00585,2024-12-24,WH-ARIST-30,C005,B01,1,3402000.0,450000.0,Offline
2024-Q4-00586,2024-11-29,WM-AQUA-9,C060,B06,1,8490000.0,1022000.0,Online
2024-Q4-00587,2024-12-04,WM-PANA-11,C044,B12,1,11088000.0,1838000.0,Offline
2024-Q4-00588,2024-12-25,AC-15HP-CP,C078,B10,2,17314000.0,2827000.0,Offline
2024-Q4-00589,2024-10-26,MW-SHARP-23,C033,B03,1,2431000.0,353000.0,Online
2024-Q4-00590,2024-11-21,WH-ROSSI-20,C013,B07,2,4101000.0,635000.0,Offline
2024-Q4-00591,2024-12-09,WM-AQUA-9,C075,B15,2,17429000.0,2351000.0,Online
2024-Q4-00592,2024-12-11,FAN-PANA-45,C011,B08,2,2337000.0,309000.0,Offline
2024-Q4-00593,2024-12-05,MW-SHARP-23,C098,B16,3,6741000.0,1017000.0,Online
2024-Q4-00594,2024-12-12,VAC-ELUX-18,C056,B07,2,4221000.0,565000.0,Online
2024-Q4-00595,2024-10-10,WH-ROSSI-20,C071,B05,2,4081000.0,698000.0,Online
2024-Q4-00596,2024-12-18,AIR-PURI-40,C014,B18,1,4390000.0,637000.0,Offline
2024-Q4-00597,2024-11-23,WH-ARIST-30,C085,B11,2,6653000.0,1020000.0,Offline
2024-Q4-00598,2024-12-09,WM-AQUA-9,C060,B06,1,8335000.0,1242000.0,Online
2024-Q4-00599,2024-10-22,WH-ARIST-30,C022,B10,1,3403000.0,458000.0,Offline
2024-Q4-00600,2024-10-27,AC-15HP-CP,C050,B10,1,8357000.0,1183000.0,Online
2024-Q4-00601,2024-11-01,AIR-PURI-60,C034,B01,1,7182000.0,889000.0,Offline
2024-Q4-00602,2024-11-11,VAC-ELUX-18,C012,B11,1,2317000.0,390000.0,Online
2024-Q4-00603,2024-10-12,WH-ARIST-30,C052,B13,1,3538000.0,482000.0,Online
2024-Q4-00604,2024-10-22,WH-ROSSI-20,C024,B11,1,2058000.0,346000.0,Offline
2024-Q4-00605,2024-12-30,WH-ARIST-30,C042,B13,1,3549000.0,528000.0,Offline
2024-Q4-00606,2024-12-03,FAN-ASIA-40,C068,B02,2,1240000.0,158000.0,Online
2024-Q4-00607,2024-12-29,VAC-PANA-16,C051,B12,2,5042000.0,755000.0,Online
2024-Q4-00608,2024-11-29,WH-ROSSI-20,C030,B05,1,2131000.0,380000.0,Offline
2024-Q4-00609,2024-10-10,AC-1HP-CP,C095,B08,1,5835000.0,1026000.0,Offline
2024-Q4-00610,2024-10-26,MW-SHARP-23,C091,B02,1,2259000.0,349000.0,Online
2024-Q4-00611,2024-10-14,AIR-PURI-60,C021,B06,1,7664000.0,1241000.0,Offline
2024-Q4-00612,2024-10-11,AIR-PURI-60,C083,B08,1,8032000.0,1441000.0,Offline
2024-Q4-00613,2024-11-08,WH-ARIST-30,C012,B14,1,3373000.0,460000.0,Online
2024-Q4-00614,2024-12-19,RC-SHARP-20,C006,B17,1,1925000.0,271000.0,Offline
2024-Q4-00615,2024-10-30,MW-PANA-25,C055,B17,1,3071000.0,512000.0,Offline
2024-Q4-00616,2024-11-17,AC-15HP-CP,C020,B16,1,8375000.0,1258000.0,Offline
2024-Q4-00617,2024-11-07,KTL-ELUX-17,C046,B06,1,737000.0,95000.0,Offline
2024-Q4-00618,2024-11-29,AC-15HP-CP,C011,B16,2,15735000.0,2426000.0,Offline
2024-Q4-00619,2024-10-08,WH-ARIST-30,C057,B07,2,6727000.0,1051000.0,Offline
2024-Q4-00620,2024-10-15,AIR-PURI-40,C091,B16,1,4399000.0,584000.0,Offline
2024-Q4-00621,2024-11-12,AIR-PURI-60,C056,B16,1,6890000.0,926000.0,Online
2024-Q4-00622,2024-11-14,KTL-ELUX-17,C029,B15,1,786000.0,97000.0,Offline
2024-Q4-00623,2024-10-28,KTL-ELUX-17,C075,B01,1,739000.0,89000.0,Offline
2024-Q4-00624,2024-10-22,RC-SHARP-20,C024,B13,2,3809000.0,489000.0,Offline
2024-Q4-00625,2024-12-28,VAC-ELUX-18,C095,B01,2,4408000.0,686000.0,Offline
2024-Q4-00626,2024-11-08,WH-ARIST-30,C017,B09,1,3473000.0,501000.0,Offline
2024-Q4-00627,2024-10-25,WH-ROSSI-20,C051,B18,1,2187000.0,371000.0,Offline
2024-Q4-00628,2024-12-26,AIR-PURI-40,C005,B04,1,4525000.0,689000.0,Online
2024-Q4-00629,2024-11-04,AC-15HP-CP,C059,B14,1,8006000.0,1203000.0,Offline
2024-Q4-00630,2024-11-17,RC-SHARP-20,C033,B12,2,3772000.0,562000.0,Offline
2024-Q4-00631,2024-12-15,AC-15HP-CP,C053,B01,1,7671000.0,1313000.0,Offline
2024-Q4-00632,2024-10-09,RC-TOSH-18,C024,B08,1,1580000.0,237000.0,Online
2024-Q4-00633,2024-11-10,AIR-PURI-60,C058,B01,1,7731000.0,1250000.0,Offline
2024-Q4-00634,2024-10-24,KTL-ELUX-17,C099,B08,3,2235000.0,348000.0,Offline
2024-Q4-00635,2024-11-02,AC-1HP-CS,C005,B11,1,9609000.0,1428000.0,Online
2024-Q4-00636,2024-11-26,AC-1HP-CP,C011,B11,2,12250000.0,1546000.0,Online
2024-Q4-00637,2024-12-07,WM-AQUA-9,C035,B05,1,8693000.0,1288000.0,Offline
2024-Q4-00638,2024-11-28,VAC-ELUX-18,C044,B02,1,2258000.0,404000.0,Online
2024-Q4-00639,2024-10-03,RC-SHARP-20,C100,B08,1,1955000.0,314000.0,Offline
2024-Q4-00640,2024-11-21,KTL-ELUX-17,C013,B11,1,760000.0,132000.0,Offline
2024-Q4-00641,2024-10-14,AC-1HP-CS,C059,B15,2,16686000.0,2262000.0,Online
2024-Q4-00642,2024-11-11,FAN-PANA-45,C030,B20,2,2144000.0,378000.0,Offline
2024-Q4-00643,2024-12-23,WH-ARIST-30,C081,B04,2,6930000.0,1188000.0,Online
2024-Q4-00644,2024-11-05,VAC-ELUX-18,C056,B19,2,3744000.0,506000.0,Offline
2024-Q4-00645,2024-12-30,MW-SHARP-23,C070,B03,3,6791000.0,1183000.0,Online
2024-Q4-00646,2024-12-18,FAN-ASIA-40,C054,B20,3,1978000.0,347000.0,Offline
2024-Q4-00647,2024-10-23,AC-15HP-CP,C001,B01,1,8182000.0,1207000.0,Online
2024-Q4-00648,2024-11-25,RC-TOSH-18,C032,B17,1,1644000.0,212000.0,Online
2024-Q4-00649,2024-12-03,KTL-PANA-20,C001,B03,1,861000.0,113000.0,Online
2024-Q4-00650,2024-12-04,KTL-PANA-20,C050,B13,1,890000.0,132000.0,Online
2024-Q4-00651,2024-11-07,KTL-PANA-20,C088,B17,1,909000.0,159000.0,Online
2024-Q4-00652,2024-10-07,WH-ROSSI-20,C029,B04,1,1945000.0,325000.0,Online
2024-Q4-00653,2024-11-29,VAC-PANA-16,C081,B15,1,2645000.0,473000.0,Offline
2024-Q4-00654,2024-10-27,KTL-ELUX-17,C040,B11,1,780000.0,107000.0,Offline
2024-Q4-00655,2024-10-24,VAC-ELUX-18,C015,B19,1,2324000.0,294000.0,Online
2024-Q4-00656,2024-11-06,FAN-ASIA-40,C008,B07,1,592000.0,94000.0,Offline
2024-Q4-00657,2024-11-19,WM-PANA-11,C002,B19,2,22125000.0,2963000.0,Offline
2024-Q4-00658,2024-11-05,WM-PANA-11,C096,B02,1,11332000.0,2007000.0,Offline
2024-Q4-00659,2024-10-15,AIR-PURI-40,C037,B10,2,8965000.0,1354000.0,Offline
2024-Q4-00660,2024-10-02,MW-PANA-25,C084,B11,2,6300000.0,1040000.0,Online
